"Id","Path","Slice Name","Alias(s)","Label","Min","Max","Must Support?","Is Modifier?","Is Summary?","Type(s)","Short","Definition","Comments","Requirements","Default Value","Meaning When Missing","Fixed Value","Pattern","Example","Minimum Value","Maximum Value","Maximum Length","Binding Strength","Binding Description","Binding Value Set","Code","Slicing Discriminator","Slicing Description","Slicing Ordered","Slicing Rules","Base Path","Base Min","Base Max","Condition(s)","Constraint(s)","Mapping: RIM Mapping"
"d2-md-attribute-value","d2-md-attribute-value","","","",0,*,"","","","null {[]} {[]}
","DHIS2 Metadata: AttributeValue","DHIS2 Metadata: AttributeValue","","","","","","","","","",,,,,"",,,,"Base",0,*,"",""
"d2-md-attribute-value.attribute","d2-md-attribute-value.attribute","","","",1,1,"","","","Identifier {[]} {[]}
","Attribute UID","Attribute UID","","","","","","","","","",,,,,"",,,,"d2-md-attribute-value.attribute",1,1,"",""
"d2-md-attribute-value.value","d2-md-attribute-value.value","","","",1,1,"","","","string {[]} {[]}
","Value of attribute","Value of attribute","","","","","","","","","",,,,,"",,,,"d2-md-attribute-value.value",1,1,"",""
