"Id","Path","Slice Name","Alias(s)","Label","Min","Max","Must Support?","Is Modifier?","Is Summary?","Type(s)","Short","Definition","Comments","Requirements","Default Value","Meaning When Missing","Fixed Value","Pattern","Example","Minimum Value","Maximum Value","Maximum Length","Binding Strength","Binding Description","Binding Value Set","Code","Slicing Discriminator","Slicing Description","Slicing Ordered","Slicing Rules","Base Path","Base Min","Base Max","Condition(s)","Constraint(s)","Mapping: RIM Mapping"
"d2-md-option-set","d2-md-option-set","","","",0,*,"","","","null {[]} {[]}
","DHIS2 Metadata: OptionSet","DHIS2 Metadata: OptionSet","","","","","","","","","",,,,,"",,,,"Base",0,*,"",""
"d2-md-option-set.id","d2-md-option-set.id","","","",1,1,"","","","Identifier {[]} {[]}
","Unique UID for option set","Unique UID for option set","","","","","","","","","",,,,,"",,,,"d2-md-option-set.id",1,1,"",""
"d2-md-option-set.code","d2-md-option-set.code","","","",0,1,"","","","Identifier {[]} {[]}
","Unique CODE for option set","Unique CODE for option set","","","","","","","","","",,,,,"",,,,"d2-md-option-set.code",0,1,"",""
"d2-md-option-set.href","d2-md-option-set.href","","","",0,1,"","","","Identifier {[]} {[]}
","Unique URL where the option set is available from","Unique URL where the option set is available from","","","","","","","","","",,,,,"",,,,"d2-md-option-set.href",0,1,"",""
"d2-md-option-set.name","d2-md-option-set.name","","","",1,1,"","","","string {[]} {[]}
","Name of option set","Name of option set","","","","","","","","","",,,,,"",,,,"d2-md-option-set.name",1,1,"",""
"d2-md-option-set.shortName","d2-md-option-set.shortName","","","",1,1,"","","","string {[]} {[]}
","Short name of option set","Short name of option set","","","","","","","","","",,,,,"",,,,"d2-md-option-set.shortName",1,1,"",""
"d2-md-option-set.description","d2-md-option-set.description","","","",0,1,"","","","string {[]} {[]}
","Description of option set","Description of option set","","","","","","","","","",,,,,"",,,,"d2-md-option-set.description",0,1,"",""
"d2-md-option-set.options","d2-md-option-set.options","","","",0,*,"","","","https://dhis2.org/StructureDefinition/d2-md-option {[]} {[]}
","programs associated with this option set","programs associated with this option set","","","","","","","","","",,,,,"",,,,"d2-md-option-set.options",0,*,"",""
"d2-md-option-set.attributeValues","d2-md-option-set.attributeValues","","","",0,*,"","","","https://dhis2.org/StructureDefinition/d2-md-attribute-value {[]} {[]}
","additional attributes that are in this option set","additional attributes that are in this option set","","","","","","","","","",,,,,"",,,,"d2-md-option-set.attributeValues",0,*,"",""
