<?xml version="1.0" encoding="UTF-8"?>

<CodeSystem xmlns="http://hl7.org/fhir">
  <id value="HIVreasonsForVisit"/>
  <text>
    <status value="generated"/><div xmlns="http://www.w3.org/1999/xhtml">Placeholder</div>
  </text>
  <url value="https://dhis2.org/CodeSystem/HIVreasonsForVisit"/>
  <version value="1.0.0"/>
  <name value="HIVreasonsForVisit"/>
  <title value="HIV Reasons for Visit"/>
  <status value="draft"/>
  <date value="2023-09-28T13:33:49+00:00"/>
  <publisher value="DHIS2"/>
  <contact>
    <name value="DHIS2"/>
    <telecom>
      <system value="url"/>
      <value value="https://dhis2.org"/>
    </telecom>
    <telecom>
      <system value="email"/>
      <value value="integration@dhis2.org"/>
    </telecom>
  </contact>
  <contact>
    <name value="Johan Hole"/>
    <telecom>
      <system value="email"/>
      <value value="Johan@Devotta.no"/>
      <use value="work"/>
    </telecom>
  </contact>
  <description value="HIV reasons for visit."/>
  <jurisdiction>
    <coding>
      <system value="http://unstats.un.org/unsd/methods/m49/m49.htm"/>
      <code value="001"/>
      <display value="World"/>
    </coding>
  </jurisdiction>
  <content value="complete"/>
  <count value="3"/>
  <concept>
    <code value="CLINICAL_VISIT"/>
    <display value="Clinical visit"/>
  </concept>
  <concept>
    <code value="ARV_PICKUP"/>
    <display value="Antiretroviral drug pick up"/>
  </concept>
  <concept>
    <code value="ISSUES"/>
    <display value="Issues and concerns"/>
  </concept>
</CodeSystem>