{
  "resourceType" : "CodeSystem",
  "id" : "HIVFollowUpMethods",
  "text" : {
    "status" : "generated",
    "div" : "<div xmlns=\"http://www.w3.org/1999/xhtml\">Placeholder</div>"
  },
  "url" : "https://dhis2.org/CodeSystem/HIVFollowUpMethods",
  "version" : "1.0.0",
  "name" : "HIVFollowUpMethods",
  "title" : "HIV Follow-up Methods",
  "status" : "draft",
  "date" : "2023-09-28T13:33:49+00:00",
  "publisher" : "DHIS2",
  "contact" : [{
    "name" : "DHIS2",
    "telecom" : [{
      "system" : "url",
      "value" : "https://dhis2.org"
    },
    {
      "system" : "email",
      "value" : "integration@dhis2.org"
    }]
  },
  {
    "name" : "Johan Hole",
    "telecom" : [{
      "system" : "email",
      "value" : "Johan@Devotta.no",
      "use" : "work"
    }]
  }],
  "description" : "Methods used for HIV follow-up.",
  "jurisdiction" : [{
    "coding" : [{
      "system" : "http://unstats.un.org/unsd/methods/m49/m49.htm",
      "code" : "001",
      "display" : "World"
    }]
  }],
  "content" : "complete",
  "count" : 4,
  "concept" : [{
    "code" : "SMS",
    "display" : "Text message"
  },
  {
    "code" : "PHONECALL",
    "display" : "Phone"
  },
  {
    "code" : "HOMEVISIT",
    "display" : "Home Visit"
  },
  {
    "code" : "OTHER",
    "display" : "Other"
  }]
}