"Id","Path","Slice Name","Alias(s)","Label","Min","Max","Must Support?","Is Modifier?","Is Summary?","Type(s)","Short","Definition","Comments","Requirements","Default Value","Meaning When Missing","Fixed Value","Pattern","Example","Minimum Value","Maximum Value","Maximum Length","Binding Strength","Binding Description","Binding Value Set","Code","Slicing Discriminator","Slicing Description","Slicing Ordered","Slicing Rules","Base Path","Base Min","Base Max","Condition(s)","Constraint(s)","Mapping: RIM Mapping"
"HIVFollowUp","HIVFollowUp","","","",0,*,"","","","null {[]} {[]}
","HIV Follow-Up","Report filled out for follow-up.","","","","","","","","","",,,,,"",,,,"Base",0,*,"",""
"HIVFollowUp.followUpAttemptDate","HIVFollowUp.followUpAttemptDate","","","",1,1,"","","","date {[]} {[]}
","","","","","","","","","","","",,,,,"",,,,"HIVFollowUp.followUpAttemptDate",1,1,"",""
"HIVFollowUp.followUpMethod","HIVFollowUp.followUpMethod","","","",1,1,"","","","Coding {[]} {[]}
","","","","","","","","","","","",,"example","","https://dhis2.org/ValueSet/HIVFollowUpMethodsVS","",,,,"HIVFollowUp.followUpMethod",1,1,"",""
"HIVFollowUp.followUpOutcome","HIVFollowUp.followUpOutcome","","","",1,1,"","","","Coding {[]} {[]}
","","","","","","","","","","","",,"example","","https://dhis2.org/ValueSet/HIVFollowUpOutcomesVS","",,,,"HIVFollowUp.followUpOutcome",1,1,"",""
"HIVFollowUp.followUpReason","HIVFollowUp.followUpReason","","","",1,1,"","","","Coding {[]} {[]}
","","","","","","","","","","","",,"example","","https://dhis2.org/ValueSet/HIVReasonsForFollowUpVS","",,,,"HIVFollowUp.followUpReason",1,1,"",""
"HIVFollowUp.followUpNotes","HIVFollowUp.followUpNotes","","","",0,1,"","","","string {[]} {[]}
","","","","","","","","","","","",,,,,"",,,,"HIVFollowUp.followUpNotes",0,1,"",""
