{
  "package": "org.hisp.dhis.alldevs.demo",
  "version": "1.0.0",
  "fhirVersion": "4.0.1",
  "jurisdiction": "001",
  "extensions": [
    {
      "url": "https://dhis2.org/StructureDefinition/AttributeValue",
      "title": "MDAttributeValue",
      "types": [
        "Coding",
        "string",
        "base64Binary",
        "boolean",
        "canonical",
        "code",
        "date",
        "dateTime",
        "decimal",
        "id",
        "instant",
        "integer",
        "markdown",
        "oid",
        "positiveInt",
        "string",
        "time",
        "unsignedInt",
        "uri",
        "url",
        "uuid",
        "Address",
        "Age",
        "Annotation",
        "Attachment",
        "CodeableConcept",
        "Coding",
        "ContactPoint",
        "Count",
        "Distance",
        "Duration",
        "HumanName",
        "Identifier",
        "Money",
        "Period",
        "Quantity",
        "Range",
        "Ratio",
        "Reference",
        "SampledData",
        "Signature",
        "Timing",
        "ContactDetail",
        "Contributor",
        "DataRequirement",
        "Expression",
        "ParameterDefinition",
        "RelatedArtifact",
        "TriggerDefinition",
        "UsageContext",
        "Dosage",
        "Meta"
      ]
    },
    {
      "url": "https://dhis2.org/StructureDefinition/Level",
      "title": "MDOrganisationUnit Hiearchy Level",
      "types": [
        "integer",
        "integer"
      ]
    },
    {
      "url": "https://dhis2.org/StructureDefinition/OrganisationUnitGroup",
      "title": "MDOrganisationUnitGroup Identifier",
      "types": [
        "Identifier"
      ]
    },
    {
      "url": "https://dhis2.org/StructureDefinition/ShortName",
      "title": "ShortName",
      "types": [
        "string",
        "string"
      ]
    }
  ],
  "profiles": {
    "Location": [
      {
        "url": "https://dhis2.org/StructureDefinition/MDOrganisationUnitLocation",
        "title": "MDOrganisationUnit Location"
      }
    ],
    "Organization": [
      {
        "url": "https://dhis2.org/StructureDefinition/MDOrganisationUnitOrganization",
        "title": "MDOrganisationUnit Organization"
      }
    ]
  },
  "usage": {
    "http://hl7.org/fhir/StructureDefinition/elementdefinition-bestpractice": [
      "StructureDefinition.snapshot.element.constraint"
    ],
    "http://hl7.org/fhir/StructureDefinition/elementdefinition-bestpractice-explanation": [
      "StructureDefinition.snapshot.element.constraint"
    ],
    "http://hl7.org/fhir/StructureDefinition/elementdefinition-bindingName": [
      "StructureDefinition.snapshot.element.binding"
    ],
    "http://hl7.org/fhir/StructureDefinition/elementdefinition-isCommonBinding": [
      "StructureDefinition.snapshot.element.binding"
    ],
    "http://hl7.org/fhir/StructureDefinition/elementdefinition-maxValueSet": [
      "StructureDefinition.snapshot.element.binding"
    ],
    "http://hl7.org/fhir/StructureDefinition/location-boundary-geojson": [
      "Location"
    ],
    "http://hl7.org/fhir/StructureDefinition/organization-period": [
      "Organization"
    ],
    "http://hl7.org/fhir/StructureDefinition/structuredefinition-fhir-type": [
      "StructureDefinition.snapshot.element.type"
    ],
    "http://hl7.org/fhir/StructureDefinition/structuredefinition-hierarchy": [
      "StructureDefinition.snapshot.element.type"
    ],
    "http://hl7.org/fhir/tools/StructureDefinition/ig-internal-dependency": [
      "ImplementationGuide.definition"
    ],
    "http://hl7.org/fhir/tools/StructureDefinition/ig-page-name": [
      "ImplementationGuide.definition.page",
      "ImplementationGuide.definition.page.page"
    ],
    "http://hl7.org/fhir/tools/StructureDefinition/ig-parameter": [
      "ImplementationGuide.definition"
    ],
    "http://hl7.org/fhir/tools/StructureDefinition/implementationguide-dependency-comment": [
      "ImplementationGuide.dependsOn"
    ],
    "http://hl7.org/fhir/tools/StructureDefinition/resource-information": [
      "ImplementationGuide.definition.resource"
    ],
    "https://dhis2.org/StructureDefinition/AttributeValue": [
      "Location"
    ],
    "https://dhis2.org/StructureDefinition/Level": [
      "Location"
    ],
    "https://dhis2.org/StructureDefinition/OrganisationUnitGroup": [
      "Location"
    ],
    "https://dhis2.org/StructureDefinition/ShortName": [
      "Location"
    ]
  }
}