<?xml version="1.0" encoding="UTF-8"?><CodeSystem xmlns="http://hl7.org/fhir"><id value="patient-gender"/><text><status value="generated"/><div xmlns="http://www.w3.org/1999/xhtml"><p>This  code system <code>https://dhis2.org/CodeSystem/patient-gender</code> defines the following codes:</p><table class="codes"><tr><td style="white-space:nowrap"><b>Code</b></td><td><b>Display</b></td></tr><tr><td style="white-space:nowrap">male<a name="patient-gender-male"> </a></td><td>Male</td></tr><tr><td style="white-space:nowrap">female<a name="patient-gender-female"> </a></td><td>Female</td></tr><tr><td style="white-space:nowrap">transgender<a name="patient-gender-transgender"> </a></td><td>Transgender</td></tr><tr><td style="white-space:nowrap">other<a name="patient-gender-other"> </a></td><td>Other</td></tr><tr><td style="white-space:nowrap">unknown<a name="patient-gender-unknown"> </a></td><td>Unknown</td></tr></table></div></text><url value="https://dhis2.org/CodeSystem/patient-gender"/><version value="1.0.0"/><name value="HIVPatientGender"/><title value="Patient Gender"/><status value="draft"/><date value="2023-09-28T13:33:49+00:00"/><publisher value="DHIS2"/><contact><name value="DHIS2"/><telecom><system value="url"/><value value="https://dhis2.org"/></telecom><telecom><system value="email"/><value value="integration@dhis2.org"/></telecom></contact><contact><name value="Johan Hole"/><telecom><system value="email"/><value value="Johan@Devotta.no"/><use value="work"/></telecom></contact><description value="Patient gender codes."/><jurisdiction><coding><system value="http://unstats.un.org/unsd/methods/m49/m49.htm"/><code value="001"/><display value="World"/></coding></jurisdiction><content value="complete"/><count value="5"/><concept><code value="male"/><display value="Male"/></concept><concept><code value="female"/><display value="Female"/></concept><concept><code value="transgender"/><display value="Transgender"/></concept><concept><code value="other"/><display value="Other"/></concept><concept><code value="unknown"/><display value="Unknown"/></concept></CodeSystem>