<?xml version="1.0" encoding="UTF-8"?><ValueSet xmlns="http://hl7.org/fhir"><id value="HIVreasonsForVisitVS"/><text><status value="generated"/><div xmlns="http://www.w3.org/1999/xhtml"><ul><li>Include all codes defined in <a href="CodeSystem-HIVreasonsForVisit.html"><code>https://dhis2.org/CodeSystem/HIVreasonsForVisit</code></a></li></ul></div></text><url value="https://dhis2.org/ValueSet/HIVreasonsForVisitVS"/><version value="1.0.0"/><name value="HIVreasonsForVisitVS"/><title value="HIV Reasons for Visit Value Set"/><status value="draft"/><date value="2023-09-28T13:33:49+00:00"/><publisher value="DHIS2"/><contact><name value="DHIS2"/><telecom><system value="url"/><value value="https://dhis2.org"/></telecom><telecom><system value="email"/><value value="integration@dhis2.org"/></telecom></contact><contact><name value="Johan Hole"/><telecom><system value="email"/><value value="Johan@Devotta.no"/><use value="work"/></telecom></contact><description value="HIV reasons for visit value set."/><jurisdiction><coding><system value="http://unstats.un.org/unsd/methods/m49/m49.htm"/><code value="001"/><display value="World"/></coding></jurisdiction><compose><include><system value="https://dhis2.org/CodeSystem/HIVreasonsForVisit"/></include></compose></ValueSet>