{
  "resourceType" : "CodeSystem",
  "id" : "HIVtreatmentStatus",
  "text" : {
    "status" : "generated",
    "div" : "<div xmlns=\"http://www.w3.org/1999/xhtml\">Placeholder</div>"
  },
  "url" : "https://dhis2.org/CodeSystem/HIVtreatmentStatus",
  "version" : "1.0.0",
  "name" : "HIVtreatmentStatus",
  "title" : "HIV Treatment Status",
  "status" : "draft",
  "date" : "2023-09-28T13:33:49+00:00",
  "publisher" : "DHIS2",
  "contact" : [{
    "name" : "DHIS2",
    "telecom" : [{
      "system" : "url",
      "value" : "https://dhis2.org"
    },
    {
      "system" : "email",
      "value" : "integration@dhis2.org"
    }]
  },
  {
    "name" : "Johan Hole",
    "telecom" : [{
      "system" : "email",
      "value" : "Johan@Devotta.no",
      "use" : "work"
    }]
  }],
  "description" : "HIV treatment status.",
  "jurisdiction" : [{
    "coding" : [{
      "system" : "http://unstats.un.org/unsd/methods/m49/m49.htm",
      "code" : "001",
      "display" : "World"
    }]
  }],
  "content" : "complete",
  "count" : 5,
  "concept" : [{
    "code" : "RETAINED",
    "display" : "On ART"
  },
  {
    "code" : "DEAD",
    "display" : "Death (documented)"
  },
  {
    "code" : "TREATMENTSTOPPED",
    "display" : "Refused (stopped) treatment"
  },
  {
    "code" : "TRANSFEROUT",
    "display" : "Transferred out"
  },
  {
    "code" : "LTFU",
    "display" : "Lost to follow up"
  }]
}