{
  "resourceType" : "Organization",
  "id" : "MDOrganisationUnitOrganization-Sierra-Leone",
  "meta" : {
    "profile" : ["https://dhis2.org/StructureDefinition/MDOrganisationUnitOrganization"]
  },
  "text" : {
    "status" : "extensions",
    "div" : "<div xmlns=\"http://www.w3.org/1999/xhtml\"><p><b>Generated Narrative: Organization</b><a name=\"MDOrganisationUnitOrganization-Sierra-Leone\"> </a></p><div style=\"display: inline-block; background-color: #d9e0e7; padding: 6px; margin: 4px; border: 1px solid #8da1b4; border-radius: 5px; line-height: 60%\"><p style=\"margin-bottom: 0px\">Resource Organization &quot;MDOrganisationUnitOrganization-Sierra-Leone&quot; </p><p style=\"margin-bottom: 0px\">Profile: <a href=\"StructureDefinition-MDOrganisationUnitOrganization.html\">MDOrganisationUnit Organization</a></p></div><p><b>Period</b>: 1994-01-01 --&gt; (ongoing)</p><p><b>identifier</b>: id: ImspTQPwCqd, code: OU_525</p><p><b>name</b>: Sierra Leone</p></div>"
  },
  "extension" : [{
    "url" : "http://hl7.org/fhir/StructureDefinition/organization-period",
    "valuePeriod" : {
      "start" : "1994-01-01"
    }
  }],
  "identifier" : [{
    "type" : {
      "coding" : [{
        "system" : "http://dhis2.org/identifiertypes",
        "code" : "id"
      }]
    },
    "system" : "http://dhis2.org/identifiertypes#id",
    "value" : "ImspTQPwCqd"
  },
  {
    "type" : {
      "coding" : [{
        "system" : "http://dhis2.org/identifiertypes",
        "code" : "code"
      }]
    },
    "system" : "http://dhis2.org/identifiertypes#code",
    "value" : "OU_525"
  }],
  "name" : "Sierra Leone"
}