{
  "resourceType" : "ValueSet",
  "id" : "HIVPatientGenderVS",
  "text" : {
    "status" : "generated",
    "div" : "<div xmlns=\"http://www.w3.org/1999/xhtml\">Placeholder</div>"
  },
  "url" : "https://dhis2.org/ValueSet/HIVPatientGenderVS",
  "version" : "1.0.0",
  "name" : "HIVPatientGenderVS",
  "title" : "Patient Gender Value Set",
  "status" : "draft",
  "date" : "2023-09-28T13:33:49+00:00",
  "publisher" : "DHIS2",
  "contact" : [{
    "name" : "DHIS2",
    "telecom" : [{
      "system" : "url",
      "value" : "https://dhis2.org"
    },
    {
      "system" : "email",
      "value" : "integration@dhis2.org"
    }]
  },
  {
    "name" : "Johan Hole",
    "telecom" : [{
      "system" : "email",
      "value" : "Johan@Devotta.no",
      "use" : "work"
    }]
  }],
  "description" : "patient gender value set.",
  "jurisdiction" : [{
    "coding" : [{
      "system" : "http://unstats.un.org/unsd/methods/m49/m49.htm",
      "code" : "001",
      "display" : "World"
    }]
  }],
  "compose" : {
    "include" : [{
      "system" : "https://dhis2.org/CodeSystem/patient-gender"
    }]
  }
}